{
  "courseCount": 12788,
  "usableTitleCoverage": 1.0,
  "semanticContentCoverage": 0.6344228964654364,
  "duplicateEnDeCoverage": 0.5338598686268377
}
